"","SV1","SV2","SV3","SV4"
"x00624",-0.077736235853229,0.0244893633862039,-0.0196255434779045,0.0546878456038707
"x00625",-0.0393002493807317,0.0938967829786148,-0.0469578241365256,-0.0487162534137802
"x00626",-0.0292958051834401,0.0506647528706174,0.0140508776489467,-0.00452107932026236
"x00627",-0.0458562507383781,0.0400826635791576,-0.0255061395333281,-0.00272674119610131
"x00629",-0.0658024278155113,0.0308475311954957,-0.00515483105073622,0.0415425822775216
"x00630",-0.0798930694150161,0.0174805893696206,-0.0266359149967682,0.0694651719068267
"x00632",-0.060740624810413,-0.00565841692047405,-0.0303278368873193,0.048358306240129
"x00633",-0.0676157664794753,-0.000373526947514597,-0.0148613702735497,0.0527929385444035
"x00634",-0.056396298030551,0.0928541167273165,-0.00616641377819415,-0.00393479329328776
"x00635",-0.0613777777117062,0.00583305613892135,0.00964489764686929,0.0412858667168886
"x00636",-0.0539133855377536,0.0183133422067859,-0.00780667501523022,0.00908228078350448
"x00637",-0.0427868455347474,0.0104490456123695,0.0187659106638168,-0.0387416217087227
"x00638",-0.0750370744064897,0.0125514302592661,-0.0138524372354848,0.0494944691888775
"x00639",-0.0582651589404755,0.011868503377791,-0.0299073196372341,0.00943513079070853
"x00651",-0.0691745682028373,-0.0102195899376695,-0.0170584993976342,0.0552285519983943
"x00653",-0.0769451349620213,0.0629346781649807,-0.0869267595387154,0.0367248182273882
"x00654",-0.0531514104651965,0.0175458422375941,-0.0361602759066891,0.0184429703371598
"x00655",-0.0611864227258675,0.029795818140115,-0.0262332171083589,0.0176162471368706
"x00656",-0.0765623333922677,0.0579021821653395,-0.0606390146141363,0.0514345430315434
"x00660",-0.0580604551889026,-0.0078363284019307,-0.00574682441558971,0.0289313582551043
"x00662",-0.0653824432470405,0.00678804111084814,-0.00609714672938057,0.0327019613572501
"x00664",-0.0414675432527168,0.0322039928045359,-0.035629225759859,-0.0264626973871382
"x00675",-0.0410584722681604,-0.0281890458120006,0.0169321405827191,-0.0263193289245347
"x00676",-0.049766669574482,0.0181981795748531,0.00742058809735127,-0.0401638115285493
"x00678",-0.017513768262813,0.00210818849619968,0.0168205666023443,-0.0418420698620069
"x00679",-0.0217731625770655,0.0111348347093221,0.0149082828464445,-0.0535229521032205
"x00680",-0.0622783620108222,0.00911591579840437,-0.028430839351307,0.0358906181954117
"x00683",-0.0399847456938304,-0.0146380632147703,0.00110380407409016,-0.0361132759968079
"x00684",-0.0340035546356766,-0.000862128463600091,0.00937669516840459,-0.0232090195634462
"x00685",-0.0476022261711085,0.007356512658972,0.0273823586110601,-0.0310965652000256
"x00686",-0.0242426918894352,-0.0218172339582844,0.0184974201643435,-0.0422241484889845
"x00687",-0.0385411414771569,-0.00665334596992214,0.0400386481260431,-0.0314387387294234
"x00689",-0.0194719405844366,-0.0269298565460645,0.0452375522841259,-0.0285188007575506
"x00690",0.00267216768766238,-0.0355311178858923,0.0612776958754381,-0.0113129666482151
"x00702",-0.0134940316964375,0.00997145795882041,0.0191774989532675,-0.0369945571622245
"x00703",0.020851307454222,0.00195179042336937,0.0618155769854592,-0.0271973419635054
"x00704",-0.00983564794967963,-0.0195215726506335,0.0522073422792651,-0.0323036656526502
"x00705",-0.0532157791253872,-0.0211730580416485,0.0128934426546925,-0.0250840668982002
"x00706",-0.0367906228914223,-0.0257096587567353,0.0413024156448019,-0.0241956258039676
"x00707",-0.0235596921325275,-0.0164971507299441,0.0150773445777034,-0.0341113509335902
"x00709",0.0119763670084714,0.000470262920452001,0.0543225156056392,-0.0173712401975279
"x00711",-0.0164072917410047,-0.0138481022886688,0.0391194093802134,-0.0479313260200201
"x00712",0.0136218256318606,-0.00597030818524694,0.0667787937429832,-0.0264008607551179
"x00713",-0.0204866944627631,-0.0185443760267375,0.0450154224684741,-0.0131935498180991
"x00714",-0.0215406649587641,0.00194722603851848,0.0314515872962513,-0.0187864327520568
"x00715",-0.0265611461369008,-0.0156639514342502,0.0353153216322129,-0.0388147957235991
"x00717",-0.0296927842995886,-0.0118158814319561,-0.0011013406185039,-0.0354402998173992
"x00718",-0.00481523390555921,0.0501175075818042,0.0396745687584132,-0.0041522779801556
"x00719",-0.0160111226853131,-0.00905781233907881,0.0426470261524391,-0.0275891368666129
"x00720",-0.032286003587721,-0.0292209074568082,0.0143339828404333,-0.0244094953997451
"x00722",-0.026060879138089,-0.026389136095818,0.00116629191490777,-0.0561778380135459
"x00723",-0.043391118035131,-0.013484038931683,0.029663598780009,-0.0130684106411157
"x00724",-0.0470450457953847,-0.0407182377445534,0.0288281932969407,-0.0245792122009721
"x00726",-0.0270919382482037,-0.0342326428958288,0.0321536770447576,-0.048788515498648
"x00727",0.00314983982697479,0.0596651268975038,0.0216904510836638,-0.0472425566443051
"x00728",-0.0230517713282505,-0.0279854625498405,0.0164331570954101,-0.0119966406777945
"x00729",0.0024393060354963,-0.0252134458139595,0.0607866562218776,-0.0496398938395306
"x00730",-0.0034568722026576,-0.0363009388917786,0.0307739035695679,-0.0542525890118085
"x00731",-0.0600056777123379,0.0303670355365846,0.048382707385918,-0.00468477466468666
"x00732",-0.0723887949273083,0.000943483203463208,0.0203697438899524,0.0133314599198254
"x00733",-0.0588074964219815,-0.00206254615178678,0.0140743377905764,0.0143616354937246
"x00757",-0.0438566289501538,-0.0427456687117718,0.0439658819549258,-0.0194713842564627
"x00758",-0.0309316884727498,0.0614594865993384,0.0356904401626754,-0.0432443196644091
"x00759",-0.0441428457519948,-0.0372017001406772,0.0195716694887347,-0.0240343176417394
"x00760",-0.0685676048459461,-0.015563879621018,0.0134558458658709,0.0145692979241544
"x00761",-0.012810000020339,-0.00805357739571369,0.053270546582127,-0.0618641934771706
"x00762",-0.0499260912186104,-0.0227331390799251,0.0127242923913655,-0.0157769146821515
"x00763",-0.0328869187131066,-0.0360352884158332,0.0449878424156682,-0.0411416452352582
"x00764",-0.0393678160508232,-0.0420189878628747,0.0450178660990299,-0.02229030637355
"x00766",-0.0404022209743423,-0.000989275557351139,0.0137338783737524,-0.029514430135455
"x00767",-0.0267589561821133,0.0429073071748674,0.0356000725686164,-0.0603098496218607
"x00768",-0.0358787275974432,0.00694491651753716,0.00109146130395641,-0.0326643426791348
"x00769",-0.000264994460048544,0.010170252783846,0.0499164232619084,-0.0665060589787833
"x00771",-0.0529799479676173,-0.0116017357043606,0.0164827588547362,-0.0025372346899974
"x00772",-0.0777984033627046,0.0880580882996262,0.0155618663964669,0.0118167811835784
"x00661",-0.0648883083931214,0.0353794129459913,-0.0331998266985286,0.031906663222872
"x00663",-0.0571237023948742,0.00641163373176247,0.0013774805118209,0.0246766827540006
"x00666",-0.0825042896966411,0.0120033665343052,-0.0417973018346092,0.061074055510639
"x01075",-0.0797811917282086,-0.0114475411729107,-0.0293489833709744,0.0694047413675234
"x01076",-0.0884576561674671,0.00585239461991212,-0.0250334541565966,0.0650631845498374
"x01077",-0.0735241748938637,-0.00789414595297953,-0.0329212601660236,0.0265303036928724
"x01078",-0.0765723414805165,-0.0267198107275902,-0.0195803960895033,0.0250512553996636
"x01079",-0.0832719969756234,-0.00237958622251297,-0.0216724076408224,0.0678491668029179
"x01080",-0.0736566592853901,-0.0161800692437056,-0.0313277440338223,0.043812239439255
"x01081",-0.0808396684122417,0.0116607085508485,-0.0491705878036263,0.0684569884701578
"x01085",-0.0835487132779802,-0.00904350886561812,-0.029806676489804,0.0688968906107561
"x01086",-0.0785936280246824,0.0175035716642801,-0.00497728396868607,0.065153053810237
"x01087",-0.0854544602890885,-0.000543115863426698,-0.0552682325717553,0.0685364717436473
"x01088",-0.0812292949168217,-0.00915027813437035,-0.0314798624210186,0.0462352589795566
"x01089",-0.0886167104634755,0.00267198861952247,-0.047297178676947,0.0705812675955798
"x01090",-0.0746363625207164,-0.023389433263599,-0.0220309033659134,0.0477281255903409
"x01103",-0.0698727279839549,-0.0248884535399572,-0.0411003041078737,0.0403110886491228
"x01104",-0.0893735201512337,-0.00495544998392577,-0.0372575135637413,0.0705895041297171
"x01105",-0.0708330494283857,-0.0417072868953283,-0.0134826732135192,0.0468969480704029
"x01106",-0.0749978988366556,-0.0358539621534345,-0.00381377528901262,0.0600496559178554
"x01107",-0.0832854313073429,-0.0290031671066591,-0.00720201250374704,0.0448235947755639
"x01108",-0.0584418427522853,-0.0486936478425796,-0.021698435023288,0.0184867515689236
"x01111",-0.0784899643484421,-0.0182652962073779,-0.0190875537437912,0.0557136701662594
"x01112",-0.0680440382549801,-0.0392422664955723,-0.0142377816342486,0.0597723203221089
"x01113",-0.035054775722412,-0.0531273404176969,-0.00413955735447816,-0.0423990286481726
"x01114",-0.0781308818714883,-0.0106569143253833,-0.0225475894061592,0.0725242688970969
"x01115",-0.0720922584852401,-0.0371180083200246,-0.00978577165594632,0.033099644371978
"x01117",-0.0430639468068546,-0.0589699761161645,-0.000342930804224799,-0.0140620226243796
"x01123",-0.0539010432324578,-0.0345390943836477,0.00293047630507019,0.0324938090153963
"x01124",-0.0775175066262374,-0.0158393778887403,-0.0189894070693138,0.0258577901071432
"x01125",-0.0730415369473923,-0.0256202178451949,-0.0271068692464059,0.068154300135682
"x01126",-0.0713403188088794,-0.0293571809303339,-0.0219812691578366,0.0128705499048626
"x01127",-0.0847745674582152,0.00540414871791506,-0.0411011696670061,0.0655122658842793
"x01128",-0.0787973987857052,-0.0250083128207365,-0.0170387817386146,0.0636497773959302
"x01129",-0.0803188284299174,-0.00655606940605036,-0.0483701395106293,0.0644907364653014
"x01132",-0.0768526822197028,0.00596967607664073,-0.0185032101414622,0.0379948839648859
"x01133",-0.0879758516998029,-0.0213128962441131,-0.02380019493347,0.036656256838453
"x01134",-0.0670155330429171,-0.0126712298904505,-0.0416677889250092,0.0269074551741453
"x01135",-0.0755566096737669,0.0133268819103915,-0.0376161696095072,0.0426664580838119
"x01136",-0.0938120356208691,0.0278411176175434,-0.0459143306013978,0.0590419526118898
"x01137",-0.0735207012267537,-0.00179634017670573,-0.0478316120119253,0.0500045358614695
"x01138",-0.0826456213543636,-0.0272640616386972,-0.0177519595415672,0.0480322113620837
"x01151",-0.0321392025769406,-0.0581373411226505,0.00938440136829775,-0.0285183271011908
"x01152",-0.0507711537181782,-0.0456320490544691,0.00737320073159189,0.021213792755441
"x01153",-0.033345759807902,-0.0322839142775615,0.0214601901854872,-0.0359873597322882
"x01155",-0.0797330679988737,-0.0130438145297092,-0.0182723681774869,0.0709193346043261
"x01156",-0.0594536222785283,0.0320911476070667,-0.0262054590898702,0.0478875503863162
"x01157",-0.0396088681922684,-0.0482188419501002,-0.0116165717548691,0.0193242350572639
"x01160",-0.0474400354390025,-0.00358298726857198,0.00335036264175884,-0.0293693378949326
"x01161",-0.0722880341954217,-0.0255906372002595,-0.0139640013508839,0.0364823319408491
"x01162",-0.0632185864387803,-0.0388144115132927,0.000662398409979276,0.0237797353024181
"x01164",-0.0741917852886605,0.01348204726734,-0.0205004476056537,0.0408000472481727
"x01165",-0.080748815950963,-0.0105302814424192,-0.00440659772308217,0.0675534685311736
"x01166",-0.070071797659304,-0.0298134777825176,-0.0112498254550963,0.0620212128004859
"x01189",-0.067850858863695,-0.00418034305353274,-0.0142405116151059,0.0255332334019138
"x01190",-0.0397118026357198,-0.0195703363518946,0.000653349266964136,-0.0292613219676855
"x01191",-0.0827213590147078,-0.00992156212598059,-0.0159884984662424,0.0563504036884108
"x01192",-0.0664181062087997,-0.0333864644469245,-0.0109586016105772,0.0244568107162509
"x01193",-0.0766890823510934,-0.00860926956234516,-0.0215058394616797,0.0755486216237362
"x01195",-0.0442090497888643,-0.0533039895250836,0.0304351994604144,-0.0338540161186845
"x01199",-0.0810626182263946,-0.0127181424653139,-0.0265596597697489,0.0643333580109058
"x01200",-0.0616853293843258,-0.0372991161626796,0.00198983135678636,0.0163477814525502
"x01201",-0.042357012748438,-0.0434918929135855,0.0125170456803265,-0.0403711035297112
"x01202",-0.0668420505321128,-0.029506967459245,-0.0159632387046193,0.035290695079979
"x01203",-0.0548187921476526,-0.0338570173796921,-0.0136629614518574,-0.00227570336420602
"x01204",-0.0645816141493325,-0.0315511343600779,0.0199932892528589,-0.00248657972800322
"x01205",-0.0761629325663972,-0.0188385858360499,-0.0220300828027001,0.079017048895087
"x01218",-0.0514561646839208,-0.0331321937491287,-0.000782189098670449,-0.00249470692680261
"x01219",-0.03151129394676,-0.0494444047180714,0.0055643852730937,-0.0426214997687471
"x01220",-0.0727651197875016,-0.0262998443130097,-0.0151337495658071,0.0352088892047239
"x01221",-0.0729751329128111,-0.0331307776641638,-0.0154935985316666,0.0501216328797662
"x01223",-0.0582928637988128,-0.0465470328353216,-0.0103472662302786,0.00134659128672007
"x01226",-0.0384951086730915,-0.0428797920872772,-0.005594643976212,-0.0132324541411968
"x01227",-0.046734734677679,-0.0483929393974406,0.00303064584432275,0.00110643928332427
"x01228",-0.0750256161358745,-0.0267495627107728,-0.0253617576759935,0.0385637429534094
"x01229",-0.0578821661539574,-0.0342155478115379,-0.018804849265691,0.00965187388005418
"x01231",-0.067830140127412,-0.0303139403159143,-0.0102257432260908,0.0639126340149495
"x01233",-0.0607046984508346,-0.015563956148862,-0.0365788489535845,0.0218761610886727
"x01240",-0.0313151087210259,0.0738532016327042,0.00405971230722109,-0.0324525460199
"x01241",0.0210816914397036,0.0181410765754552,0.0429454652272103,-0.0109016243557879
"x01242",0.0222810578715856,0.0157780542833211,0.0419588448815862,-0.00467505487024065
"x01243",-0.0054300197724218,0.0602477215069709,0.0144062241977171,-0.0518926214559196
"x01244",0.0146063671094142,0.0228527103407499,0.0495302464245749,-0.0177868781004947
"x01245",0.0232789231024803,0.0228040149016098,0.0669681175719898,-0.020780621050087
"x01246",0.00791331281919406,0.0546921722734443,0.0382655767281862,-0.0531308206220197
"x01248",0.00681186477290289,0.0224293487390849,0.0301717861765681,-0.00794137886417999
"x01249",0.0173658252144364,0.0132882138028022,0.0271173708563043,0.0504701106702233
"x01250",-0.0113978447581183,0.0176853907696738,0.0426024771653066,-0.0389462992641324
"x01251",-0.00122846812001356,0.0573117320746842,0.0408501733060108,-0.0515250124067774
"x01252",-0.0135470619366992,0.0215723169333742,0.0387983101768297,-0.0518733705306337
"x01253",0.0244046988247361,0.0145032539088283,0.0462410371282572,0.0228278648863563
"x01254",0.0160335551636379,0.0291969472519814,0.0405366046350384,0.016227256816638
"x01265",0.0296344360588261,0.0268429555474349,0.0417047159300005,0.0264192595234636
"x01267",0.0291295399306938,0.0252598114078118,0.0466792404447592,0.00647840559240725
"x01268",0.0290131831115944,0.034219726964424,0.0342274542133673,0.0076947524709434
"x01269",0.0210590774207925,0.0124368255337678,0.0512933669142751,-0.0333915806568621
"x01270",0.0369190886629885,0.0584837081932223,0.0119787445709531,-0.0105888400200789
"x01271",-0.0285210952820055,0.0856605413465619,0.00889072150918644,0.0715089831224363
"x01272",0.00161022207641706,0.0361247509970947,0.05029537568242,-0.0422992942494764
"x01279",-0.0337033781451002,0.0656909584771471,0.0123285764239763,-0.066150899766367
"x01280",0.0118926676914528,0.0434121181027751,0.0323363235808599,-0.0662694597969248
"x01281",0.0170958143346694,0.02162142478818,0.0317201410228768,0.00845062874999737
"x01282",0.0278224075422518,0.0340843844218601,0.0239432907603016,0.0010671190157282
"x01284",0.0386547136330513,0.033241812674046,0.0228384075864973,-0.0113932532746732
"x01285",0.0329187632952254,0.0265554691891669,0.0502473619468509,-0.00960010841798107
"x01294",-0.0405366747994535,0.0692475103020428,0.0269416577403144,-0.0487054916674859
"x01295",-0.00771571697421172,0.050294611507281,0.0479941364192609,-0.0477932805796744
"x01296",0.00791439466107124,0.02066251803291,0.0529030631940542,-0.0492630419234287
"x01297",0.00786920646365866,0.0310354439981014,0.0450056906767666,-0.00871659907101428
"x01298",-0.036103538406733,0.0697181773723017,0.0306080768079086,-0.01807835169747
"x01299",0.0225733004477227,0.0339946259565083,0.0361673790309194,-0.0303274502583533
"x01300",0.0101831138274213,0.0501937136156196,0.0464776202191202,-0.0493881898662931
"x01302",-0.0090282266890341,0.063938928285229,0.0272294651200013,-0.0586253827985773
"x01303",-0.0208858120483709,0.0798215035923946,0.0151437815559881,-0.0557055274210812
"x01309",0.013958528690282,0.0573159772410616,0.0236105712625697,-0.0593722297919161
"x01310",-0.00877185663599419,0.0446965366726171,0.0442136869615576,-0.0710598176179941
"x01311",0.0138045200332789,0.0360467451303497,0.0554582297447059,-0.0282038781479686
"x01312",0.0263791125979752,0.0422468354331302,0.0456547403944155,-0.00792326508161827
"x01324",-0.042773734981352,0.0495498861057212,0.0400738985656591,-0.0483497278315587
"x01325",-0.0060862943707454,0.00191856105106875,0.0327485821300993,-0.066007376556758
"x01326",0.0273059703608805,0.00477611454055308,0.0506157563974346,0.0168581728256555
"x01327",0.0290929323593604,0.0201625668153604,0.0382205357183456,-0.0125896153038129
"x01328",0.0257459295632216,0.0550801174255605,-0.000718925875218884,0.0030414120004117
"x01329",-0.00723815215287932,0.0464536396610516,0.0211619521269586,-0.0705108124516889
"x01330",0.0350572664269262,0.0233414322023377,0.0276491088109838,0.00583938624524347
"x01331",0.0203741352359379,0.0481921592714589,0.0050715716755417,0.0294911851672178
"x01333",-0.043878525299396,0.0587596570621213,0.0222208081410388,-0.0452247402696009
"x01334",0.0156363473135933,-0.013272475400324,0.0394090264869317,-0.026325570133293
"x01335",0.0290384277024974,0.0285766287908012,0.0336444189191707,-0.0265036290787281
"x01336",-0.0106986860740283,0.0198011913922847,0.0525096605979294,-0.0353719258660228
"x01337",-0.000735045585474739,0.0297490580741939,0.0480169706033031,-0.0489863736410303
"x01338",0.00958063069563364,0.0201248749231823,0.0573395576669311,-0.0340156892967323
"x01339",-1.0069252849192e-05,0.0288946560526176,0.0558509814656889,-0.0377357365117986
"x01340",0.00956641808283644,0.0307732805886272,0.0547384321723466,-0.0459365077628009
"x01357",0.0293383936600285,0.023298019980738,0.0460102879074541,0.00975999822383465
"x01358",0.0250614182262516,0.0392125028399661,0.0454383441332248,0.0334046088434651
"x01359",0.017335802733654,0.0347301984669471,0.0356347448940586,0.0198929584701888
"x01360",-0.00875594050861301,0.0689878737212744,0.0447546693803163,-0.0142611839520868
"x01361",0.0215613104413273,0.046303755179691,0.0431335225933209,0.00982801959896146
"x01362",0.0196338533350422,0.0600664467211421,0.0267024974778283,0.0586150776395604
"x01364",0.00876598174299237,0.0594606574560584,0.00624957340451475,0.0159806349668734
"x01365",0.00470651009189051,0.072268747523277,0.0400246922116891,0.014376840712814
"x01366",0.0194801948041926,0.0388372100794188,0.0441103954357117,0.0384931290780898
"x01367",0.0106342543453849,0.0263827314099202,0.069173026639191,0.0336741793168871
"x01369",0.0112625128645031,0.0364633349803945,0.0382508167587421,0.0508180736750757
"x01370",0.000491124061307015,0.0570896494840685,0.0366249088383279,0.0174083576127518
"x01371",0.019965049026868,0.0741959355994103,-0.00295415400534622,0.0319061694911125
"x01379",-0.00896071714259836,0.0356367205634018,0.0645974751966712,-0.013846604896138
"x01380",0.0179129545459757,0.0306695405371156,0.0594891777967582,0.0277570072711159
"x01381",0.0168690613175789,0.0252976817553189,0.0270002505686507,0.0579573749730505
"x01382",0.014534443252774,0.038401281682824,0.00396782978210609,-0.000999505383268845
"x01383",0.0108260668544069,0.0495019896022262,0.0354500834131902,0.0272226936654131
"x01384",0.000639733504147238,0.0609398089813003,0.0466053869859146,0.00877120864804288
"x01385",-0.00693600179253608,0.0500981051074703,0.0376814257713377,-0.0212087655077272
"x01386",0.0160804424077841,0.0522928066737375,0.0250292288689829,0.0224567499164717
"x01388",0.00581733896217109,0.0187877628508386,0.0648754689987857,-0.00254029238646163
"x01389",0.0201689044039166,0.00135787849960495,0.0616816485712829,0.0194008279023122
"x01390",0.0148751903710127,0.0121371868479626,0.0676513081715919,0.0290310823329318
"x01392",-0.00446772732757366,0.0575107700115623,0.0456687957780216,-0.0239291367369917
"x01393",0.00571860104705342,0.0411270969091942,0.0416752608633615,-0.00166293764458973
"x01395",-0.0169814727181983,0.0790375177260264,0.0190737839567698,-0.0513201760536753
"x01398",-0.0214627026407335,0.0975259659095088,-0.0270755702571836,0.00672212312244694
"x01399",-0.0120923429735596,0.0428474290090071,0.0422551980659952,-0.0118637637160834
"x01400",-0.0402466855228992,0.0851771444205714,0.0209071960842386,-0.0225680279065733
"x01406",-0.0318367550968423,0.0496145817344264,0.0318513090479498,-0.0356211429048063
"x01407",-0.0143275286085582,0.0954563066903614,-0.0848595049184155,0.0108345525413347
"x01408",-0.0378137648364893,0.0540250799244174,0.0346626378177856,-0.0492102608923483
"x01409",-0.0656901635212452,0.149953390686636,-0.101905968850983,0.0311247529384909
"x01425",-0.0412379553761953,0.0458144116453794,0.0185669990722797,-0.0203485552521106
"x01426",-0.0302339678264918,0.0188991222168976,0.0386851019009969,-0.0376579764110217
"x01427",0.00627349933663243,0.0219451467132958,0.0503451672915277,-0.00706743840991897
"x01428",0.0148477300139162,0.0281975322364359,0.0556222761241146,0.0113602126799557
"x01430",-0.0212396936192745,0.0672658634576698,0.0487516473470628,-0.0323810697347451
"x01432",-0.0780265902672188,0.0686992543972158,-0.0177270330450052,0.00599849724634671
"x01433",-0.0708092129565984,0.124246215211396,-0.0718802814154266,0.0168599722554464
"x01434",-0.0253378478245334,0.0573690063438892,0.0291200844717361,-0.0402874765846627
"x01435",-0.00571399204713366,0.0394155477627199,0.0366555359678105,-0.0288129826662879
"x01436",0.0114226060081983,0.0415749217487465,0.0302421207933959,0.0191343050315447
"x01437",0.000152324793409283,0.0625132489801096,0.0195404470503874,0.0217533305889894
"x01438",0.00149100422254086,0.0318184823279266,0.0550673647520449,-0.0326644690016782
"x01439",-0.0131598158478296,0.0496312515804069,0.039651805866796,-0.0352696952726819
"x01474",-0.0185375677544455,-0.00342479617527666,0.0417128209428498,-0.0287688281553211
"x01475",-0.00779529646018063,-0.012127644223706,0.0695260676632512,-0.0361853736735272
"x01476",0.00648010788022597,0.0512623287523806,0.0453517538769302,-0.0298208986484535
"x01477",0.0206611804534868,-0.0192236054245882,0.0540229079756032,0.00860060280248101
"x01478",0.0281457542814349,-0.00988898619721887,0.0410150707768474,-0.0063747184654231
"x01479",0.0266694503804665,0.0532869673315037,0.056137786961719,-0.0168714079708614
"x01480",0.0126211881767741,-0.0184202588031112,0.0447860314773138,0.0313092866166096
"x01481",-0.00964814918786977,0.0268944563034378,0.0508772782302464,-0.00665313883382275
"x01485",-0.018864082271724,0.0265509786180432,0.0341133632403896,-0.0129956771477574
"x01486",-0.0445607409256995,0.0106639983773795,0.0198611497606647,0.0314391319341334
"x01487",-0.0219153133259224,0.0217964530640858,0.0530402700531303,-0.0198574597914378
"x01488",-0.0318129504686804,0.0852259952315149,-0.00388254088615572,-0.0280725799785303
"x01489",-0.0228825020508678,0.0449569698220829,0.00806758473787026,-0.0447216078300625
"x01497",0.0259543017185082,-0.0137888915612273,0.035493754092717,-0.0193495615925934
"x01498",0.0171234527687116,-0.00949502636414548,0.0687796573313942,-0.0325555892609553
"x01499",0.0229028632437245,-0.00844960311083192,0.0684616682380351,-0.00755956351657608
"x01500",0.0209626747450379,0.0383510857675856,0.0229606806740962,0.0546684390136815
"x01501",0.031535768715457,-0.00520181224304003,0.050783229722462,-0.0112453608687227
"x01503",0.0108508756021411,0.018508736482774,0.0552041056467285,-0.0290517798831466
"x01504",0.0208126534322482,0.0248176271377878,0.0557463118921235,-0.028965975860774
"x01506",-0.0351349645376804,0.0249224706439349,0.0210779839477831,-0.0568336625974348
"x01507",0.0148217730567515,-0.0144161861479658,0.051735878926951,-0.0071463223961353
"x01508",-0.0362261708562925,-0.0114986783014292,0.0543468104238936,-0.0502676846907308
"x01509",0.0200899789158019,0.0273711124706653,0.0414257969263521,0.0577177430899567
"x01510",0.00794285579407473,-0.00526243955834396,0.0556343282916172,-0.0475393108314356
"x01511",-0.00259168621405675,0.039168171191832,0.0513557944998368,-0.0542697693629329
"x01513",-0.0284395675185698,0.0334437772701209,0.00426156036855819,-0.0466999275850797
"x01514",-0.0173284025896468,0.0315718445271267,0.0357547108220311,-0.062809125689516
"x01515",-0.0118840325806073,-0.00404599565048212,0.0569997262770864,-0.0630681974449343
"x01516",0.0112408940961025,0.016564041743412,0.0516936790542032,-0.0324200828662794
"x01518",-0.0190011086782146,0.101888934804326,-0.00508656312757797,-0.048718529209162
"x01522",-0.0239134004358423,0.0219682690157289,0.0267552532692484,-0.0826685387881365
"x01523",-0.00476021448318548,0.0473508527234929,0.0648348794542937,0.00914802524204519
"x01524",-0.00852172937893334,0.00700794188487325,0.0534879096057609,-0.0418617020485222
"x01525",0.00438575070655801,0.00974196252964159,0.0647192287714947,-0.0429365696941172
"x01530",0.00534747133011646,0.0332691279099414,0.0430194500159041,-0.0397626513532892
"x01531",0.011824624570267,0.039911718706297,0.0331108146699363,-0.0511107775133287
"x01543",-0.0241421189878656,-0.010046229837744,0.0578588246568496,-0.0471200235984065
"x01544",-0.0163692435092252,0.0416881798329583,0.0282147400995677,-0.0422391822825542
"x01545",0.00389930970517721,0.0142485591513322,0.0515827092842953,-0.0603942505898812
"x01546",0.00807025147433698,0.016462743571647,0.044770635885074,-0.0357343001876752
"x01547",-0.000269326525754871,-0.00655455841598278,0.0625083397145575,-0.0378759119445256
"x01548",0.00997719582886409,0.0389904409201159,0.0508686824556479,-0.00895984522243966
"x01549",-0.0134715113178243,0.0308350063533754,0.0624603133740968,-0.0452960843241776
"x01550",-0.00144192776102722,0.0294429540064953,0.059825339458757,-0.0565826563773834
"x01552",-0.0152464785699256,-0.00471138838167943,0.0250794348354206,-0.0319220662296665
"x01553",-0.019100489124188,-0.000428826797187127,0.0547938708775189,-0.066692552489346
"x01554",-0.0149309143620184,0.0615334315545226,0.0345951365909094,-0.0380716911330206
"x01555",-0.0518138644839271,0.0628129579347244,-0.0352620113826743,0.0483998570916198
"x01562",-0.00365294345962373,0.00126653242297109,0.0312389137136606,-0.0393610970475287
"x01563",-0.000273859963822704,-0.00260939904896283,-0.05727374787142,-0.102613829926213
"x01564",0.027283592313546,0.0130302782716776,-0.0388185784011649,-0.0693866564780693
"x01565",0.0431156852473225,-0.0453577431499511,-0.0357210179100453,-0.0529330395944114
"x01566",0.0225267253727698,-0.0594147890325686,-0.0608171626416313,-0.0561593443004934
"x01567",0.0276722298570743,-0.0652239572431185,-0.0661362739655074,-0.0540565422532091
"x01568",0.0141831786175098,-0.0602057541999241,-0.0713130046444313,-0.0670596587102016
"x01569",0.0175007782660377,-0.0519871851979446,-0.0693596711280323,-0.0302447077240823
"x01570",-0.00127325512166467,-0.0339566092987279,-0.0743590071912725,-0.0879344104060682
"x01571",0.0121607152314952,0.051680431328924,-0.0408500924155505,-0.0806119927195111
"x01597",-0.0115657792465691,-0.0138364424138788,-0.0780550228985037,-0.0955873716715559
"x01599",-0.0207303553321858,0.0224787803971153,-0.103922316830302,-0.00643850772027469
"x01600",0.0296304871996143,-0.0518258517573703,-0.0617380865155531,-0.0454471325730246
"x01601",0.0239147016996677,-0.0499782222605897,-0.0675638401964726,-0.0827953981922778
"x01602",-0.0178745921446712,-0.037406783077425,-0.0976577200260855,-0.0783944786121905
"x01603",-0.0110199823478024,-0.0240303141819039,-0.0715452731614547,-0.110664197723371
"x01605",-0.0255050138354515,-0.036416623922923,-0.112530556472864,-0.0459387086538624
"x01606",-0.00928644169263775,-0.0586622490769172,-0.112178709524332,-0.0507429770984899
"x01607",0.00163261656553115,-0.0547552904349317,-0.0843347259731917,-0.0853456609339566
"x01608",-0.0232673479183373,-0.0298925361520837,-0.108140409141809,-0.0684562338100667
"x01609",0.0105249905696346,-0.0532986074897887,-0.0815724089849153,-0.0960732048840307
"x01613",-0.00715895678354282,-0.0304475387942357,-0.0605733088366256,-0.11599391244488
"x01614",0.0281436670532341,-0.0717388423341182,-0.0648691038612795,-0.071300311119816
"x01615",-0.0222347483330635,-0.040066227865035,-0.111893320965375,-0.0639776083137017
"x01617",0.0429770970232366,-0.0535908787010464,-0.0672227064043582,1.22913434748523e-05
"x01618",0.00671366263785886,-0.0475671039164894,-0.0728408287208937,-0.0894739482367893
"x01619",0.0207871243472405,-0.0644434177521052,-0.0709656868608327,-0.0434431583172432
"x01625",0.014736975668311,-0.0153240167543174,-0.0565977602738984,-0.0543636540186157
"x01626",0.0199897064191955,-0.0413280389194139,-0.0726409747802051,-0.0228752842654333
"x01627",0.0188501094525724,-0.0418997453328897,-0.0718780634900637,-0.0789572984664623
"x01628",0.0119519541743458,-0.0542166274376853,-0.0872754353844509,-0.0681693968310723
"x01629",0.0278449403382483,-0.0422103094532208,-0.0609249530458253,-0.0477654392640164
"x01631",0.0206677654105284,-0.0476320795588024,-0.0590469138829435,-0.0734406323924741
"x01632",-0.00734683958352014,0.0614375628188904,-0.056531231361076,-0.0881126925663972
"x01634",0.00156207103264441,-0.037380444215767,-0.0674425921109524,-0.0800493745720793
"x01635",0.0014210955889998,-0.0419977721409501,-0.0745121991771811,-0.0773050896503651
"x01636",0.02429177107764,-0.0391318186719689,-0.0569802416575842,-0.080190369786599
"x01637",-0.00076794145886784,-0.0398009709965577,-0.0781846379205991,-0.0709128655826816
"x01638",-0.0173505045407586,0.0418925818010463,-0.0737107954402027,-0.089663232924158
"x01640",-0.00204223585302491,-0.0592414281722021,-0.086023919928885,-0.058486451171578
"x01641",-0.0145446160350753,0.000708768457853793,-0.0890411854478573,-0.0937122805179328
"x01654",-0.0124568265351831,-0.0408002392744206,-0.0990648987770635,-0.0754967681906306
"x01655",0.0240797566221636,-0.0521818859718919,-0.0567213221972064,-0.0680889772655395
"x01656",0.00324432243659049,-0.0541079851174542,-0.0871144891762699,-0.0671119451247495
"x01657",-0.0108240677533462,-0.05149465606495,-0.0960654350840604,-0.069374362592805
"x01658",0.0112318073207544,-0.0183032037290653,-0.0466594552469624,-0.109257757308402
"x01659",-0.0169969263437881,-0.0366498562587572,-0.0967718191234688,-0.0656005558280752
"x01660",0.0312727638477675,-0.0606416678623995,-0.0679645893795993,-0.0522606771834432
"x01661",0.042660025054346,0.0477497894048155,-0.023359054238847,-0.0485542304385054
"x01664",-0.00461632244698084,-0.0174077793111571,-0.0815810810994655,-0.11595797443515
"x01665",0.00595279323484647,-0.0744597021667587,0.0213370684049861,-0.00784627421008824
"x01666",-0.0249143394262942,-0.0578130121079153,0.0121133640017168,-0.0245625090541836
"x01667",0.0170236780512458,-0.0811556995415059,0.0293560973996834,-0.00948576232981422
"x01668",0.00211824667589033,-0.0755338156531634,0.0169831962471736,-0.0215475853490529
"x01675",-0.0129485052324391,-0.0541987052555896,0.0089821958071065,-0.0381559550654217
"x01676",0.00918424556919516,-0.0843171001915178,0.0171595560041934,-0.00724090947318491
"x01677",-0.00305002232917999,-0.0747927773513677,0.011955941899776,-0.0303193573859754
"x01678",0.0167768998871074,0.00497222255875553,0.0494895744203506,-0.0430744668817028
"x01679",0.0197154868620482,-0.0767805682770917,0.024949507554671,-0.00415790350696686
"x01681",-0.0292138645174897,-0.0540557517844199,-0.00177671675788081,-0.019186006630951
"x01682",0.0398157027467446,0.00190968621187933,0.00538810082809668,-0.0255301099672128
"x01683",-0.00784368770897476,-0.0576554439828769,0.0188806866037996,-0.0414299990823454
"x01684",-0.00779533353696812,-0.0581716440931919,0.0364168446244449,-0.0244520603864953
"x01685",0.00129389547650247,-0.0811840700764754,0.0127676881092803,-0.0145017371108086
"x01686",0.0201522444511568,-0.0703304753223822,0.0205950211099908,-0.0061176316649736
"x01687",0.0133711046737239,-0.0704330122376662,0.0266541502256463,-0.0343944819868032
"x01688",0.0173018917383718,-0.00908943121433909,0.0377498192897562,-0.0493983501589971
"x01700",0.0367181539136825,-0.0522763023236699,0.0294074064311128,-0.00716099631464744
"x01701",0.0295017571467248,-0.0776421193956799,0.0180796833068747,-0.0211249690345673
"x01702",0.0112258394122274,-0.0673256959308918,0.0275710239313679,-0.0248833710285682
"x01703",0.0116548827763557,-0.072223977236136,0.0160698002122615,-0.0190804213907751
"x01704",0.015227230215218,-0.0561573980590757,0.0112586799681009,-0.00912199905394507
"x01705",0.0158708534462249,-0.0640726667907806,0.0276412780364634,0.00532809032384337
"x01706",0.0266284156685138,-0.0660609249412563,0.0339402859894803,-0.013502397347472
"x01707",0.0242083340986259,0.0245780275662396,0.0324533587554906,-0.0068097453997132
"x01709",0.0303623083080436,-0.0467263254574804,0.0161754354118891,-0.0317264245315545
"x01710",0.015014869167056,-0.0720585580415641,-0.00712530030417718,-0.0376407535183355
"x01712",0.0137924288242789,-0.0796862108938208,0.0278015656706656,-0.00473102316183906
"x01713",0.0186149206080653,-0.0791264306239908,0.0099447095577102,-0.0157847728955275
"x01714",0.0274638835683398,-0.0194514197377758,0.0389206200009188,-0.00036231041022326
"x01715",0.0141140171974977,-0.0820779961957366,0.0221663997165009,0.00782308734128613
"x01716",-0.0351165794648139,-0.0292373143680985,0.00292786656892536,-0.0464233519700671
"x03257",0.0318050112996389,-0.0780230663142641,0.0314493007744715,0.0288323741638647
"x03258",0.0318849340345316,-0.0770530532465433,0.0529562242792789,0.0364097993095591
"x03259",0.0329144800926787,-0.0210850534157194,0.0466364846047857,0.0725157113433161
"x03260",0.0330827860401701,-0.070583633048816,0.0464031671077357,0.0456650942899192
"x03261",0.0401393572551617,-0.0615428849547027,0.0351984709887263,0.0416080372989325
"x03262",0.029904382707551,-0.0543764029949192,0.0355833238981811,0.0342073640292663
"x03263",0.0287734684970357,-0.0573536517812797,0.0316805896308057,0.0195731051806531
"x03265",0.0262775461528448,-0.0724743771965839,0.0362875024900327,0.0407156225924502
"x03266",0.0280425293066931,-0.0792370230109871,0.0457218443302508,0.0362568155246588
"x03267",0.0305338346499804,-0.0716120361421478,0.0493381572831426,0.0544296861893254
"x03268",0.0206550621954738,-0.0822020272379103,0.0403359840947229,0.0404711074298309
"x03269",0.0375004065500084,-0.050435063940361,0.0390000206299286,0.0444077011195513
"x03270",0.0302410331313613,-0.0587218616050953,0.0296283041864175,0.0161367389494031
"x03271",0.0221874915985825,-0.0562395626686916,0.0364858302780974,0.0326047257798136
"x03273",0.0415924156362009,-0.046128602487997,0.0225992146279063,0.0437925897578279
"x03274",0.035861318144045,-0.0778546821454234,0.0578065715931045,0.028222080095394
"x03275",0.0375387803161187,-0.0664879813016272,0.0422009143405126,0.0165040497203165
"x03276",0.0312013985260716,-0.064128609307366,0.0414039808469492,0.0489174783479778
"x03277",0.0346148487742762,-0.0660437330229035,0.0344991140309069,0.0383346545118383
"x03278",0.0386352275366292,-0.0110884319485441,0.0262560882755514,0.0307946644093123
"x03279",0.0287738330496464,-0.0404795383711544,0.0258820497453994,0.0340868304239282
"x03280",0.0202878396181018,-0.0429133733935615,0.0231380518814952,0.0274034126947883
"x03284",0.0341738535462716,-0.0624474703764184,0.0264108876109781,0.059763088498366
"x03285",0.0252122158503192,-0.0607036129642538,0.0249580870638439,0.0367947213144502
"x03286",0.0240433861031374,-0.0567739560086184,0.0362143328242653,0.0360797971838712
"x03290",0.0432958481472006,0.0156724757568467,0.04191217212484,0.0610008057422261
"x03291",0.0301581432789846,-0.0571710419741278,0.0408486227632858,0.0349702546970091
"x03292",0.0380397550454498,-0.051336405737013,0.0326982027871988,0.035591011924257
"x03293",0.0341332374781465,-0.0549315896185701,0.0412279058816155,0.0439651591698826
"x03294",0.0246154510465786,-0.0325350982535216,0.0259969258149169,0.047664992236949
"x03303",0.0350688359175681,-0.0634610305497776,0.0217927929671678,0.0492223511383467
"x03304",0.0327671690972335,-0.0621739866303274,0.0378128405209872,0.0225018656216633
"x03305",0.0346165831064946,-0.0728220500931012,0.0385287534020477,0.0487427502657481
"x03306",0.0215158841922019,-0.0771941404400822,0.0387979366168943,0.0274855068480588
"x03307",0.0313873364730989,-0.0651676557739811,0.0434565364192826,0.0482178135152627
"x03308",0.0331246909806658,-0.0556655231708481,0.03888562976143,0.0563685681628917
"x03309",0.03359271379662,-0.0604085206362154,0.0425840287803338,0.0310013048824902
"x03310",0.0290820569295928,-0.0428625676725799,0.0246689885101263,0.0145303726598681
"x03312",0.0424583880139443,-0.00381895737639772,0.0311957219527919,0.0559050745174918
"x03313",0.0452650835695364,-0.0187967404715623,0.0393457188147374,0.0530611476441995
"x03314",0.0375173158030938,-0.0392106917295812,0.0328386600373409,0.0463145523892946
"x03316",0.0375219540469982,-0.0256936303432869,0.0236916195091379,0.077431838546373
"x03317",0.0431797200695957,-0.0291734330833838,0.039159285485404,0.0428124116685033
"x03318",0.0404217631511993,-0.014310933611189,0.0358284732217936,0.0600984767386439
"x03319",0.0428709961751356,-0.013151952673192,-0.00508093901434091,0.0489487827229503
"x03321",0.0438383598904612,-0.0692782887486907,0.0387674439948901,0.0320080245023859
"x03322",0.038968262845085,-0.059119801350515,0.0578308382913619,0.0282177562645265
"x03323",0.0445518675695775,0.0172754782655726,0.0402915717031468,0.0714504634108569
"x03324",0.0352519894769761,-0.0620433341943508,0.0242856940298354,0.042851030648176
"x03325",0.0410942579897743,-0.0384076678107686,0.0373825509529093,0.0395119360448465
"x03328",0.0377573265637571,0.0380089588055198,0.00628454402176869,0.0523742398590686
"x03329",0.0391679968188323,-0.0479344293869914,0.0437053244792179,0.0434509970586796
"x03330",0.0449903402822409,0.0252341593849557,0.0300752888570381,0.0706996709192025
"x03331",0.0298518142584102,-0.0474603229194732,0.0232634618320543,0.0605075185181118
"x03332",0.0286778774339219,-0.0430306906949825,0.0437542404117457,0.0606419226206307
"x03333",0.0362994372196301,-0.021276160910895,0.038353509078339,0.0630435960425497
"x03334",0.0276026804537047,0.0170768796617409,0.0276987796848435,0.0268167984052446
"x03336",0.038994205255735,0.0361533033144931,0.0220701940033687,0.0834158897520299
"x03337",0.0298364919383168,-0.0647680134123729,0.0323062212127734,0.0611005440442073
"x03338",0.0312376026528706,-0.0522445508099628,0.0407455689527706,0.0484689553440789
"x03339",0.0451004066567719,0.0268729080046406,0.0154220445528403,0.059600220665476
"x03340",0.037052370891534,-0.0543420720016061,0.0336753945198667,0.0250002852837081
"x03341",0.0372784777639943,-0.0298231952675254,0.0493290420262707,0.0400674277907864
"x03342",0.0426958335648576,-0.0247663402056016,0.0310910270838142,0.0606898923369958
"x03343",0.055285910084668,-0.0272567556377535,-0.0275338158958269,-0.00767762500745066
"x03345",0.04466505756062,-0.0590468259296869,-0.0393459784304311,0.0023219729058117
"x03346",0.0435886502963038,-0.0516227852601457,-0.0377665619411047,-0.00165164524700684
"x03347",0.039541059851124,-0.0531612385656732,-0.05854220773674,0.0312367114272717
"x03348",0.0545576685237691,0.0192035902716746,-0.0317003239419471,0.0278103779992053
"x03349",0.041795633575042,-0.0437746471732217,-0.0473080524435335,-0.00590540410099518
"x03350",0.0522622990413069,-0.0358135514828273,-0.034480053023437,0.00295513609726587
"x03351",0.0486511372556489,-0.0381919564538268,-0.042737441081796,0.00917117434184669
"x03352",0.0472278548171686,-0.0353022846318307,-0.0480213367887904,0.0108097245503314
"x03354",0.0424950634221883,-0.0516525450613439,-0.050762775893939,0.0293523838706634
"x03355",0.0443336429763005,-0.0609696497625654,-0.0509144926948942,0.00689748878784531
"x03356",0.0501891543198723,-0.0533146843536586,-0.0445909293197168,0.0105313986296551
"x03357",0.0356070071513661,-0.0369310927997472,-0.0457174764427186,-0.0100972128999206
"x03358",0.0470735069285761,-0.0460360481992951,-0.051147813710924,0.0189638517865907
"x03359",0.0460148317893198,-0.0424080644852716,-0.0369172836808153,0.0234225404145505
"x03360",0.0504289388476299,-0.0366858321337807,-0.0357995950402477,0.0088267228763244
"x03361",0.0285279602519537,-0.0283553973466056,-0.0478464884207703,-0.0296283916506488
"x03367",0.0578460867330633,0.0357396176603961,-0.0340225639785548,0.0372758054320799
"x03368",0.0533374400109189,0.0337077499102884,-0.0398923630558142,0.024594925158199
"x03369",0.0411642778561704,0.0471493475552951,-0.0372988021715498,0.0636689330352796
"x03371",0.0509537051304871,0.0306737752716327,-0.0435602209808179,0.00397199327081815
"x03372",0.0551709899438998,0.0516991667823398,-0.0494242245120613,0.0238143147422426
"x03373",0.0506501745421598,0.0370091079878543,-0.0379816876491391,0.0489792373208727
"x03374",0.0498671069072654,0.0400342975727241,-0.037809660106462,0.0437008174760485
"x03376",0.060958957195512,0.0253838881434297,-0.041068841712483,0.0248406563041047
"x03377",0.06903725417252,0.0198015422203292,-0.0318777061959773,0.0133207544866341
"x03378",0.053084679867444,0.00683123044356192,-0.0410588417003514,0.020870489319007
"x03379",0.0516676632841675,0.021973595752488,-0.0435544154908221,0.00789853475376951
"x03380",0.0553379619417369,0.0102920100054165,-0.030977190667864,0.008572665757142
"x03381",0.0519282419447845,0.0120467961356561,-0.0403680934279724,0.0215134095556381
"x03382",0.0590289111407996,0.0193508587601939,-0.0344056305504858,0.0216435390973761
"x03383",0.0501152018944964,0.0286975823557895,-0.0413469263926357,0.0308229258059045
"x03385",0.0517007513573446,0.0295239197722934,-0.0430969472762588,0.0256585971528224
"x03386",0.0607941524288259,0.0281234166297326,-0.0374774151380465,0.0314897147723569
"x03387",0.0570937774748252,0.00942287342550926,-0.0421742946091156,0.010451484418274
"x03388",0.0589040700180575,0.0147214983800243,-0.0380481232328102,0.0209129179433207
"x03389",0.0493110360467184,0.0142347430613471,-0.0426195114232513,-0.00300037115189039
"x03390",0.0570609184000078,0.0264296704864662,-0.0342246673652091,0.0347534649682431
"x03391",0.051734130415665,0.0352168463181023,-0.0357164570948474,0.0124546760352938
"x03393",0.052058277999046,0.0483208272059924,-0.0282495379849882,0.016394057964831
"x03394",0.0462513907057446,0.056779250544151,-0.0379289185701395,0.050143241427186
"x03395",0.0403834881460432,0.05121446490165,-0.0423186901751988,0.0523242319021484
"x03396",0.0479895122023042,0.0473985759032398,-0.0258408649765612,-0.00547444074529124
"x03397",0.0563964666745088,0.0273953441487933,-0.0438436279793117,0.0258871831045451
"x03398",0.0581038038419661,0.0156812784216805,-0.0262893103065741,0.0307075893998746
"x03399",0.0546070741213133,0.0107085485442347,-0.0368736460486224,0.0366745702482734
"x03400",0.0543969006821148,0.00317177926005972,-0.0375896157845821,0.0209893846787697
"x03403",0.00996174734851256,0.0956875218089569,-0.0691764164715474,-0.0278923232103388
"x03404",0.0509833765848552,0.0430800861597989,-0.0399294263430884,0.000788411144042551
"x03405",0.0579896205603552,0.0478616839917608,-0.0305941496759336,0.0412795446091606
"x03406",0.0565139424558655,0.0438816436187542,-0.0332509276078115,0.0190594099745477
"x03407",0.0520163863977703,0.0440412090571176,-0.0331463004464086,0.0314434713440847
"x03408",0.0547088442213176,0.0306508323469017,-0.047819461596851,0.0188940717636025
"x03409",0.0498089880497241,0.0469757322080665,-0.0443127609603706,0.0450927551607165
"x03411",0.0470370631274723,0.0312857202329411,-0.0433961865809482,0.0203638034823582
"x03412",0.0544057316036484,0.00768764584044666,-0.0332096378816017,0.025152161433967
"x03413",0.0516909006563544,0.0193940862044565,-0.0490999613859615,-0.00917332771422292
"x03414",0.0338712489697986,0.0378380007668638,-0.034958918184662,-0.00779188104470435
"x03415",0.0476145131828915,0.050664651943149,-0.037503229905305,0.0380191554798909
"x03416",0.0587512756551441,0.0131965717296675,-0.0348532197989368,0.0119814878300944
"x03417",0.0479565077939031,0.0371636935994632,-0.0329955320389118,0.0184238656973117
"x03419",0.0571944844204505,0.0418004623436655,-0.0351807228573872,-0.00237431690808267
"x03420",0.0486410812399663,0.0436631439501504,-0.0512677910767616,0.0808797361223643
"x03421",0.0475683459817944,0.031894391865305,-0.0435968337972847,0.0458223247601017
"x03422",0.0500712123316287,0.0227445576685303,-0.0486010454640072,0.0353485839862869
"x03423",0.0449446331248328,0.00993660679855837,-0.0484052098284707,0.00333783141668463
"x03424",0.0497347404938263,0.0258377758085524,-0.0399093556628217,0.0533180319452917
"x03426",0.0503284994342482,0.0354822870527782,-0.0395488956958512,0.00977267051729836
"x03427",0.0535973779986967,0.0271604975277038,-0.0420585953348211,0.0585339329465245
"x03428",0.0541106589735889,0.0171999609205331,-0.0385943490998166,0.0142817490841038
"x03429",0.0427883930390662,0.0275444894498347,-0.0405055065005874,-0.0376287428003137
"x03430",0.0527469798780545,0.0196476830996394,-0.050696032862833,0.0230295590936097
"x03431",0.0507361865854598,0.0107612803178306,-0.0371053026328384,0.0368135335799816
"x03432",0.0526850066381939,0.0292831867410017,-0.0414895143840223,-0.0100999129921218
"x03433",0.0552552069409683,-0.00682816371922659,-0.0434688947904586,0.0287461980492421
"x03436",0.0521210091381485,0.044710519157539,-0.0370192013094917,0.058933560950058
"x03437",0.0512510131266924,0.0363650187551941,-0.0408172016764157,0.0426631931373133
"x03438",0.0603949009829002,0.0429160532409789,-0.0460784408247359,0.0205046207992787
"x03439",0.0546538640971631,0.0285902626141776,-0.0397167591162749,0.0432553554916405
"x03440",0.0510469288245527,0.0385198239460027,-0.045743863687455,0.0331755971096273
"x03441",0.0350057980955338,0.0867425761303098,-0.0585185788661417,0.0261096168565888
"x03442",0.0521595817922628,0.0507654093733245,-0.0536306841726937,0.0248094210246903
"x03443",0.0503775423993456,0.0335492932274827,-0.0355270181590172,0.0444658819189551
"x03445",0.0496877818562122,0.0499061315131688,-0.0526007834055765,0.0355103555496258
"x03446",0.0598146342370755,0.0260540410351698,-0.0352112222805828,0.0533339754738794
"x03447",0.0488726832444725,0.0339887284666719,-0.0386645579722662,0.0540298085515573
"x03448",0.0547386684879864,0.0258679537445444,-0.0420540835361781,0.0168529343083312
"x03449",0.0526508140678826,0.0351714090541061,-0.0488501214342549,0.0334885618551701
"x03450",0.0407146243547966,0.0553514561027063,-0.0440156506262027,-0.0100134514375906
"x03451",0.0451018102197207,0.0272541806262541,-0.0441134181525915,0.0536571444872064
"x03452",0.0511291230098319,0.029227510525974,-0.0473384727179141,0.0238338931169841
"x03454",0.0456448746886605,0.0191451204397948,-0.040801657005109,-0.0295841483631026
"x03455",0.0539599323599954,0.0101108938485804,-0.0475825754711416,0.0363069529532367
"x03456",0.0523282460945611,0.0155634893437291,-0.0465359346546191,0.0248386571685021
"x03457",0.0466873695639669,0.0199461379293588,-0.0412384745963052,0.0159967720850416
"x03458",0.0349921535051119,0.0116354286812433,-0.0486348478735015,0.0135330327597819
"x03459",0.0553472805220157,0.0381689502100265,-0.0373981844148783,0.0109814120464665
"x03460",0.0537301132808967,0.023836875542695,-0.0427332841610989,0.00413791669885444
"x03461",0.0561769393872505,0.0263992600294669,-0.0359034317547438,0.01478320605691
"x03463",0.0196608756563112,0.0220866033792521,-0.05240409017033,-0.0454041496866217
"x03464",0.05545126798912,0.0130314495674954,-0.0369685299677593,0.01640311352975
"x03465",0.0594963782107836,0.0208302307816489,-0.0464987344211292,-0.00483510144306306
"x03466",0.0333178634688473,0.0227895663574319,-0.0468865468446347,-0.0518104530324809
"x03467",0.0417659645076962,0.0236655289141849,-0.0458257827172253,-0.0342820307805948
"x03468",0.048304059939893,0.00662704701751297,-0.0476494438428221,0.0226783667844752
"x03469",0.0543063920508946,0.0108869123225309,-0.037942064187014,0.0277505858329387
"x03470",0.0524865789675294,0.0324011302852276,-0.0426832072949968,0.0115836610007746
