"","site","cluster","regulated","total","prop","skew","max_cluster","rank"
"1","YAL012W_S_40",1,1,16,0.0625,1.32857142857143,2,7
"2","YAL012W_S_40",2,4,6,0.666666666666667,1.32857142857143,2,7
"3","YAL012W_S_40",3,0,9,0,1.32857142857143,2,7
"4","YAL012W_S_40",4,0,17,0,1.32857142857143,2,7
"5","YBL007C_T_984",1,0,16,0,1.5,4,3
"6","YBL007C_T_984",2,0,6,0,1.5,4,3
"7","YBL007C_T_984",3,0,9,0,1.5,4,3
"8","YBL007C_T_984",4,12,17,0.705882352941177,1.5,4,3
"9","YBL007C_T_993",1,0,16,0,1.5,4,1
"10","YBL007C_T_993",2,0,6,0,1.5,4,1
"11","YBL007C_T_993",3,0,9,0,1.5,4,1
"12","YBL007C_T_993",4,13,17,0.764705882352941,1.5,4,1
"13","YBR059C_S_541",1,0,16,0,0.906896551724138,2,32
"14","YBR059C_S_541",2,4,6,0.666666666666667,0.906896551724138,2,32
"15","YBR059C_S_541",3,2,9,0.222222222222222,0.906896551724138,2,32
"16","YBR059C_S_541",4,1,17,0.0588235294117647,0.906896551724138,2,32
"17","YBR069C_S_18",1,12,16,0.75,1.35454545454545,1,1
"18","YBR069C_S_18",2,0,6,0,1.35454545454545,1,1
"19","YBR069C_S_18",3,0,9,0,1.35454545454545,1,1
"20","YBR069C_S_18",4,1,17,0.0588235294117647,1.35454545454545,1,1
"21","YBR130C_S_343",1,0,16,0,1,2,21
"22","YBR130C_S_343",2,4,6,0.666666666666667,1,2,21
"23","YBR130C_S_343",3,0,9,0,1,2,21
"24","YBR130C_S_343",4,10,17,0.588235294117647,1,2,21
"25","YBR188C_S_139",1,0,16,0,1.21428571428571,2,9
"26","YBR188C_S_139",2,4,6,0.666666666666667,1.21428571428571,2,9
"27","YBR188C_S_139",3,1,9,0.111111111111111,1.21428571428571,2,9
"28","YBR188C_S_139",4,0,17,0,1.21428571428571,2,9
"29","YDL022W_S_27",1,0,16,0,1,2,22
"30","YDL022W_S_27",2,4,6,0.666666666666667,1,2,22
"31","YDL022W_S_27",3,3,9,0.333333333333333,1,2,22
"32","YDL022W_S_27",4,0,17,0,1,2,22
"33","YDL195W_T_1050",1,1,16,0.0625,1.32857142857143,3,1
"34","YDL195W_T_1050",2,0,6,0,1.32857142857143,3,1
"35","YDL195W_T_1050",3,6,9,0.666666666666667,1.32857142857143,3,1
"36","YDL195W_T_1050",4,0,17,0,1.32857142857143,3,1
"37","YDR150W_S_2545",1,6,16,0.375,1,4,7
"38","YDR150W_S_2545",2,0,6,0,1,4,7
"39","YDR150W_S_2545",3,0,9,0,1,4,7
"40","YDR150W_S_2545",4,16,17,0.941176470588235,1,4,7
"41","YDR422C_S_643",1,0,16,0,0.906896551724138,2,33
"42","YDR422C_S_643",2,4,6,0.666666666666667,0.906896551724138,2,33
"43","YDR422C_S_643",3,2,9,0.222222222222222,0.906896551724138,2,33
"44","YDR422C_S_643",4,1,17,0.0588235294117647,0.906896551724138,2,33
"45","YDR505C_S_31",1,2,16,0.125,0.966307277628032,2,28
"46","YDR505C_S_31",2,4,6,0.666666666666667,0.966307277628032,2,28
"47","YDR505C_S_31",3,0,9,0,0.966307277628032,2,28
"48","YDR505C_S_31",4,2,17,0.117647058823529,0.966307277628032,2,28
"49","YER040W_S_276",1,1,16,0.0625,1.19206842923795,2,13
"50","YER040W_S_276",2,4,6,0.666666666666667,1.19206842923795,2,13
"51","YER040W_S_276",3,0,9,0,1.19206842923795,2,13
"52","YER040W_S_276",4,1,17,0.0588235294117647,1.19206842923795,2,13
"53","YER079W_S_39",1,1,16,0.0625,0.982962289868242,2,24
"54","YER079W_S_39",2,4,6,0.666666666666667,0.982962289868242,2,24
"55","YER079W_S_39",3,1,9,0.111111111111111,0.982962289868242,2,24
"56","YER079W_S_39",4,1,17,0.0588235294117647,0.982962289868242,2,24
"57","YER111C_T_798",1,1,16,0.0625,0.908520179372197,2,30
"58","YER111C_T_798",2,5,6,0.833333333333333,0.908520179372197,2,30
"59","YER111C_T_798",3,0,9,0,0.908520179372197,2,30
"60","YER111C_T_798",4,8,17,0.470588235294118,0.908520179372197,2,30
"61","YFL026W_S_331",1,0,16,0,1.2,2,11
"62","YFL026W_S_331",2,4,6,0.666666666666667,1.2,2,11
"63","YFL026W_S_331",3,0,9,0,1.2,2,11
"64","YFL026W_S_331",4,2,17,0.117647058823529,1.2,2,11
"65","YFR028C_S_408",1,0,16,0,1.5,2,2
"66","YFR028C_S_408",2,4,6,0.666666666666667,1.5,2,2
"67","YFR028C_S_408",3,0,9,0,1.5,2,2
"68","YFR028C_S_408",4,0,17,0,1.5,2,2
"69","YGL009C_S_488",1,3,16,0.1875,0.960402684563758,2,29
"70","YGL009C_S_488",2,4,6,0.666666666666667,0.960402684563758,2,29
"71","YGL009C_S_488",3,0,9,0,0.960402684563758,2,29
"72","YGL009C_S_488",4,1,17,0.0588235294117647,0.960402684563758,2,29
"73","YGL009C_S_495",1,0,16,0,1.5,2,3
"74","YGL009C_S_495",2,4,6,0.666666666666667,1.5,2,3
"75","YGL009C_S_495",3,0,9,0,1.5,2,3
"76","YGL009C_S_495",4,0,17,0,1.5,2,3
"77","YGL035C_S_264",1,0,16,0,1.2,2,12
"78","YGL035C_S_264",2,4,6,0.666666666666667,1.2,2,12
"79","YGL035C_S_264",3,0,9,0,1.2,2,12
"80","YGL035C_S_264",4,2,17,0.117647058823529,1.2,2,12
"81","YGL117W_S_223",1,2,16,0.125,1.04897494305239,2,20
"82","YGL117W_S_223",2,5,6,0.833333333333333,1.04897494305239,2,20
"83","YGL117W_S_223",3,0,9,0,1.04897494305239,2,20
"84","YGL117W_S_223",4,2,17,0.117647058823529,1.04897494305239,2,20
"85","YGL181W_S_187",1,0,16,0,1.33783783783784,2,5
"86","YGL181W_S_187",2,4,6,0.666666666666667,1.33783783783784,2,5
"87","YGL181W_S_187",3,0,9,0,1.33783783783784,2,5
"88","YGL181W_S_187",4,1,17,0.0588235294117647,1.33783783783784,2,5
"89","YGR001C_S_206",1,1,16,0.0625,1.32857142857143,3,2
"90","YGR001C_S_206",2,0,6,0,1.32857142857143,3,2
"91","YGR001C_S_206",3,6,9,0.666666666666667,1.32857142857143,3,2
"92","YGR001C_S_206",4,0,17,0,1.32857142857143,3,2
"93","YGR001C_S_210",1,1,16,0.0625,1.32857142857143,3,3
"94","YGR001C_S_210",2,0,6,0,1.32857142857143,3,3
"95","YGR001C_S_210",3,6,9,0.666666666666667,1.32857142857143,3,3
"96","YGR001C_S_210",4,0,17,0,1.32857142857143,3,3
"97","YHR158C_S_503",1,1,16,0.0625,0.919494869771113,4,13
"98","YHR158C_S_503",2,4,6,0.666666666666667,0.919494869771113,4,13
"99","YHR158C_S_503",3,0,9,0,0.919494869771113,4,13
"100","YHR158C_S_503",4,14,17,0.823529411764706,0.919494869771113,4,13
"101","YIL095W_S_431",1,0,16,0,1.5,2,4
"102","YIL095W_S_431",2,4,6,0.666666666666667,1.5,2,4
"103","YIL095W_S_431",3,0,9,0,1.5,2,4
"104","YIL095W_S_431",4,0,17,0,1.5,2,4
"105","YJL076W_S_242",1,0,16,0,1,4,10
"106","YJL076W_S_242",2,2,6,0.333333333333333,1,4,10
"107","YJL076W_S_242",3,0,9,0,1,4,10
"108","YJL076W_S_242",4,12,17,0.705882352941177,1,4,10
"109","YJL076W_S_295",1,1,16,0.0625,1.00982961992136,4,6
"110","YJL076W_S_295",2,1,6,0.166666666666667,1.00982961992136,4,6
"111","YJL076W_S_295",3,0,9,0,1.00982961992136,4,6
"112","YJL076W_S_295",4,12,17,0.705882352941177,1.00982961992136,4,6
"113","YJR104C_S_39",1,0,16,0,1.21428571428571,2,10
"114","YJR104C_S_39",2,4,6,0.666666666666667,1.21428571428571,2,10
"115","YJR104C_S_39",3,1,9,0.111111111111111,1.21428571428571,2,10
"116","YJR104C_S_39",4,0,17,0,1.21428571428571,2,10
"117","YKL116C_S_132",1,0,16,0,1.09375,2,15
"118","YKL116C_S_132",2,4,6,0.666666666666667,1.09375,2,15
"119","YKL116C_S_132",3,1,9,0.111111111111111,1.09375,2,15
"120","YKL116C_S_132",4,1,17,0.0588235294117647,1.09375,2,15
"121","YLL021W_S_585",1,0,16,0,1.04966887417219,4,5
"122","YLL021W_S_585",2,0,6,0,1.04966887417219,4,5
"123","YLL021W_S_585",3,2,9,0.222222222222222,1.04966887417219,4,5
"124","YLL021W_S_585",4,13,17,0.764705882352941,1.04966887417219,4,5
"125","YLL028W_S_91",1,6,16,0.375,1,4,8
"126","YLL028W_S_91",2,0,6,0,1,4,8
"127","YLL028W_S_91",3,0,9,0,1,4,8
"128","YLL028W_S_91",4,13,17,0.764705882352941,1,4,8
"129","YLL028W_T_89",1,6,16,0.375,1,4,9
"130","YLL028W_T_89",2,0,6,0,1,4,9
"131","YLL028W_T_89",3,0,9,0,1,4,9
"132","YLL028W_T_89",4,13,17,0.764705882352941,1,4,9
"133","YLR096W_S_706",1,0,16,0,1.5,4,2
"134","YLR096W_S_706",2,0,6,0,1.5,4,2
"135","YLR096W_S_706",3,0,9,0,1.5,4,2
"136","YLR096W_S_706",4,13,17,0.764705882352941,1.5,4,2
"137","YLR133W_S_9",1,0,16,0,1,2,23
"138","YLR133W_S_9",2,4,6,0.666666666666667,1,2,23
"139","YLR133W_S_9",3,4,9,0.444444444444444,1,2,23
"140","YLR133W_S_9",4,0,17,0,1,2,23
"141","YLR248W_S_515",1,0,16,0,0.994505494505495,3,6
"142","YLR248W_S_515",2,1,6,0.166666666666667,0.994505494505495,3,6
"143","YLR248W_S_515",3,6,9,0.666666666666667,0.994505494505495,3,6
"144","YLR248W_S_515",4,1,17,0.0588235294117647,0.994505494505495,3,6
"145","YLR257W_T_44",1,1,16,0.0625,0.913875598086124,3,8
"146","YLR257W_T_44",2,3,6,0.5,0.913875598086124,3,8
"147","YLR257W_T_44",3,8,9,0.888888888888889,0.913875598086124,3,8
"148","YLR257W_T_44",4,0,17,0,0.913875598086124,3,8
"149","YLR405W_S_361",1,0,16,0,0.906896551724138,2,34
"150","YLR405W_S_361",2,4,6,0.666666666666667,0.906896551724138,2,34
"151","YLR405W_S_361",3,2,9,0.222222222222222,0.906896551724138,2,34
"152","YLR405W_S_361",4,1,17,0.0588235294117647,0.906896551724138,2,34
"153","YLR421C_S_153",1,0,16,0,1.5,2,1
"154","YLR421C_S_153",2,5,6,0.833333333333333,1.5,2,1
"155","YLR421C_S_153",3,0,9,0,1.5,2,1
"156","YLR421C_S_153",4,0,17,0,1.5,2,1
"157","YML100W_T_75",1,0,16,0,0.902061855670103,3,9
"158","YML100W_T_75",2,1,6,0.166666666666667,0.902061855670103,3,9
"159","YML100W_T_75",3,6,9,0.666666666666667,0.902061855670103,3,9
"160","YML100W_T_75",4,2,17,0.117647058823529,0.902061855670103,3,9
"161","YMR124W_S_297",1,1,16,0.0625,0.957376411054885,4,12
"162","YMR124W_S_297",2,0,6,0,0.957376411054885,4,12
"163","YMR124W_S_297",3,2,9,0.222222222222222,0.957376411054885,4,12
"164","YMR124W_S_297",4,13,17,0.764705882352941,0.957376411054885,4,12
"165","YMR124W_S_300",1,5,16,0.3125,1,4,11
"166","YMR124W_S_300",2,0,6,0,1,4,11
"167","YMR124W_S_300",3,0,9,0,1,4,11
"168","YMR124W_S_300",4,12,17,0.705882352941177,1,4,11
"169","YNL074C_S_157",1,1,16,0.0625,1.32857142857143,3,4
"170","YNL074C_S_157",2,0,6,0,1.32857142857143,3,4
"171","YNL074C_S_157",3,6,9,0.666666666666667,1.32857142857143,3,4
"172","YNL074C_S_157",4,0,17,0,1.32857142857143,3,4
"173","YNL157W_S_2",1,1,16,0.0625,0.982962289868242,2,25
"174","YNL157W_S_2",2,4,6,0.666666666666667,0.982962289868242,2,25
"175","YNL157W_S_2",3,1,9,0.111111111111111,0.982962289868242,2,25
"176","YNL157W_S_2",4,1,17,0.0588235294117647,0.982962289868242,2,25
"177","YNL157W_S_7",1,1,16,0.0625,1.08677685950413,2,16
"178","YNL157W_S_7",2,4,6,0.666666666666667,1.08677685950413,2,16
"179","YNL157W_S_7",3,1,9,0.111111111111111,1.08677685950413,2,16
"180","YNL157W_S_7",4,0,17,0,1.08677685950413,2,16
"181","YNL309W_S_7",1,0,16,0,1.26470588235294,2,8
"182","YNL309W_S_7",2,5,6,0.833333333333333,1.26470588235294,2,8
"183","YNL309W_S_7",3,1,9,0.111111111111111,1.26470588235294,2,8
"184","YNL309W_S_7",4,0,17,0,1.26470588235294,2,8
"185","YOL036W_S_621",1,1,16,0.0625,0.982962289868242,2,26
"186","YOL036W_S_621",2,4,6,0.666666666666667,0.982962289868242,2,26
"187","YOL036W_S_621",3,1,9,0.111111111111111,0.982962289868242,2,26
"188","YOL036W_S_621",4,1,17,0.0588235294117647,0.982962289868242,2,26
"189","YOL036W_S_622",1,3,16,0.1875,1.0609756097561,2,19
"190","YOL036W_S_622",2,4,6,0.666666666666667,1.0609756097561,2,19
"191","YOL036W_S_622",3,0,9,0,1.0609756097561,2,19
"192","YOL036W_S_622",4,0,17,0,1.0609756097561,2,19
"193","YOL036W_T_620",1,1,16,0.0625,1.08677685950413,2,17
"194","YOL036W_T_620",2,4,6,0.666666666666667,1.08677685950413,2,17
"195","YOL036W_T_620",3,1,9,0.111111111111111,1.08677685950413,2,17
"196","YOL036W_T_620",4,0,17,0,1.08677685950413,2,17
"197","YOR140W_S_220",1,3,16,0.1875,0.936439079592607,3,7
"198","YOR140W_S_220",2,0,6,0,0.936439079592607,3,7
"199","YOR140W_S_220",3,7,9,0.777777777777778,0.936439079592607,3,7
"200","YOR140W_S_220",4,2,17,0.117647058823529,0.936439079592607,3,7
"201","YOR352W_S_105",1,2,16,0.125,0.976923076923077,2,27
"202","YOR352W_S_105",2,4,6,0.666666666666667,0.976923076923077,2,27
"203","YOR352W_S_105",3,1,9,0.111111111111111,0.976923076923077,2,27
"204","YOR352W_S_105",4,0,17,0,0.976923076923077,2,27
"205","YOR352W_S_109",1,2,16,0.125,1.18421052631579,2,14
"206","YOR352W_S_109",2,4,6,0.666666666666667,1.18421052631579,2,14
"207","YOR352W_S_109",3,0,9,0,1.18421052631579,2,14
"208","YOR352W_S_109",4,0,17,0,1.18421052631579,2,14
"209","YPL070W_S_475",1,2,16,0.125,1.06772334293948,3,5
"210","YPL070W_S_475",2,0,6,0,1.06772334293948,3,5
"211","YPL070W_S_475",3,6,9,0.666666666666667,1.06772334293948,3,5
"212","YPL070W_S_475",4,1,17,0.0588235294117647,1.06772334293948,3,5
"213","YPL085W_S_806",1,0,16,0,1.08139534883721,2,18
"214","YPL085W_S_806",2,4,6,0.666666666666667,1.08139534883721,2,18
"215","YPL085W_S_806",3,0,9,0,1.08139534883721,2,18
"216","YPL085W_S_806",4,3,17,0.176470588235294,1.08139534883721,2,18
"217","YPR115W_T_817",1,1,16,0.0625,1.08765159867696,4,4
"218","YPR115W_T_817",2,1,6,0.166666666666667,1.08765159867696,4,4
"219","YPR115W_T_817",3,0,9,0,1.08765159867696,4,4
"220","YPR115W_T_817",4,15,17,0.882352941176471,1.08765159867696,4,4
"221","YPR149W_T_162",1,0,16,0,1.33783783783784,2,6
"222","YPR149W_T_162",2,4,6,0.666666666666667,1.33783783783784,2,6
"223","YPR149W_T_162",3,0,9,0,1.33783783783784,2,6
"224","YPR149W_T_162",4,1,17,0.0588235294117647,1.33783783783784,2,6
"225","YPR185W_S_348",1,1,16,0.0625,0.908353469105972,2,31
"226","YPR185W_S_348",2,5,6,0.833333333333333,0.908353469105972,2,31
"227","YPR185W_S_348",3,1,9,0.111111111111111,0.908353469105972,2,31
"228","YPR185W_S_348",4,3,17,0.176470588235294,0.908353469105972,2,31
